"DESCRIPTION","DURATION IN MS","NAME","PARENT SUITE","START TIME","STATUS","STOP TIME","SUB SUITE","SUITE","TEST CLASS","TEST METHOD"
"","5366","invalid username — login redirects to login page and dashboard returns 401","","2026-03-24","passed","2026-03-24","","Auth API","",""
"","2731","redirects unauthenticated request to login page — /web/index.php/leave/viewLeaveList","3.3 Security Aware Testing","2026-03-24","passed","2026-03-24","","Unauthenticated Access","",""
"","2656","redirects unauthenticated request to login page — /web/index.php/admin/viewSystemUsers","3.3 Security Aware Testing","2026-03-24","passed","2026-03-24","","Unauthenticated Access","",""
"","4578","dashboard widgets load without errors","","2026-03-24","passed","2026-03-24","","Navigation and UI Validation","",""
"","16256","[img onerror] API rejects or stores firstName as literal string","3.3 Security Aware Testing","2026-03-24","passed","2026-03-24","","XSS — Name Fields","",""
"","8754","dashboard loads in under 3 seconds after submitting credentials","Performance Benchmarks","2026-03-24","failed","2026-03-24","","Page Load","",""
"","18258","[script tag] API rejects or stores firstName as literal string","3.3 Security Aware Testing","2026-03-24","passed","2026-03-24","","XSS — Name Fields","",""
"","4376","password does not appear in the URL after successful login","3.3 Security Aware Testing","2026-03-24","passed","2026-03-24","","Sensitive Data in URLs","",""
"","1506","retrieves the employee by ID","","2026-03-24","passed","2026-03-24","","PIM Employee Management API","",""
"","5877","employee list page loads in under 3 seconds","Performance Benchmarks","2026-03-24","failed","2026-03-24","","Page Load","",""
"","8041","navigating to a protected page after logout redirects to login","3.3 Security Aware Testing","2026-03-24","passed","2026-03-24","","Session Invalidation","",""
"","5169","[svg onload] API rejects or stores street1 as literal string","3.3 Security Aware Testing","2026-03-24","passed","2026-03-24","","XSS — Address Fields","",""
"","9918","edits last name and middle name on personal details","","2026-03-24","passed","2026-03-24","","PIM - Employee Management","",""
"","18187","adds a new employee and navigates to personal details","","2026-03-24","passed","2026-03-24","","PIM - Employee Management","",""
"","3187","ESS user is denied access to admin API — System Users","3.3 Security Aware Testing","2026-03-24","passed","2026-03-24","","Authorisation — ESS vs Admin","",""
"","2503","apply leave API responds in under 2 seconds","Performance Benchmarks","2026-03-24","passed","2026-03-24","","API Response Time","",""
"","3356","session does not persist after logout — dashboard returns 401","","2026-03-24","passed","2026-03-24","","Auth API","",""
"","4719","login page loads in under 2 seconds (TTFB + DOM)","Performance Benchmarks","2026-03-24","failed","2026-03-24","","Page Load","",""
"","6973","[attribute escape + script] API rejects or stores street1 as literal string","3.3 Security Aware Testing","2026-03-24","passed","2026-03-24","","XSS — Address Fields","",""
"","12110","logs in with valid credentials and loads dashboard","","2026-03-24","passed","2026-03-24","","Auth and Navigation","",""
"","2127","shows validation errors when fields are empty","","2026-03-24","passed","2026-03-24","","Auth and Navigation","",""
"","17723","Admin creates a new leave type","","2026-03-24","passed","2026-03-24","","Leave Lifecycle - UI","",""
"","17369","creates an employee, sees them in PIM, then in Time → Reports → Employee Report","2.3 Data Integrity Checks","2026-03-24","passed","2026-03-24","","Employee → Reports","",""
"","7067","[attribute escape + script] API rejects or stores firstName as literal string","3.3 Security Aware Testing","2026-03-24","passed","2026-03-24","","XSS — Name Fields","",""
"","2817","create employee API responds in under 2 seconds","Performance Benchmarks","2026-03-24","passed","2026-03-24","","API Response Time","",""
"","10336","does not persist session after logout","","2026-03-24","passed","2026-03-24","","Auth and Navigation","",""
"","2423","updates last name and middle name via API","","2026-03-24","passed","2026-03-24","","PIM Employee Management API","",""
"","6797","shows error for invalid username","","2026-03-24","passed","2026-03-24","","Auth and Navigation","",""
"","6614","valid credentials — session cookie set and dashboard returns 200","","2026-03-24","passed","2026-03-24","","Auth API","",""
"","650","shows expected title on login page","","2026-03-24","passed","2026-03-24","","Auth and Navigation","",""
"","5440","[template literal injection] API rejects or stores firstName as literal string","3.3 Security Aware Testing","2026-03-24","passed","2026-03-24","","XSS — Name Fields","",""
"","5723","[javascript protocol] API rejects or stores street1 as literal string","3.3 Security Aware Testing","2026-03-24","passed","2026-03-24","","XSS — Address Fields","",""
"","4666","[javascript protocol] API rejects or stores firstName as literal string","3.3 Security Aware Testing","2026-03-24","passed","2026-03-24","","XSS — Name Fields","",""
"","23463","shows correct page heading for each main module","","2026-03-24","passed","2026-03-24","","Navigation and UI Validation","",""
"","2106","deletes the employee via API","","2026-03-24","passed","2026-03-24","","PIM Employee Management API","",""
"","1872","dashboard API endpoints return data without errors","","2026-03-24","passed","2026-03-24","","Navigation and UI Validation API","",""
"","5769","[script tag] API rejects or stores street1 as literal string","3.3 Security Aware Testing","2026-03-24","passed","2026-03-24","","XSS — Address Fields","",""
"","4800","shows expected title on dashboard page after login","","2026-03-24","passed","2026-03-24","","Auth and Navigation","",""
"","4084","logout — session cookie invalidated and dashboard returns 401","","2026-03-24","passed","2026-03-24","","Auth API","",""
"","5278","[template literal injection] API rejects or stores street1 as literal string","3.3 Security Aware Testing","2026-03-24","passed","2026-03-24","","XSS — Address Fields","",""
"","3784","redirects unauthenticated request to login page — /web/index.php/dashboard/index","3.3 Security Aware Testing","2026-03-24","passed","2026-03-24","","Unauthenticated Access","",""
"","6521","password does not appear in the URL after a failed login attempt","3.3 Security Aware Testing","2026-03-24","passed","2026-03-24","","Sensitive Data in URLs","",""
"","15503","[svg onload] API rejects or stores firstName as literal string","3.3 Security Aware Testing","2026-03-24","passed","2026-03-24","","XSS — Name Fields","",""
"","6136","finds the employee by name in search results","","2026-03-24","passed","2026-03-24","","PIM - Employee Management","",""
"","2048","creates a new employee via API","","2026-03-24","passed","2026-03-24","","PIM Employee Management API","",""
"","1367","empty credentials — login redirects to login page and dashboard returns 401","","2026-03-24","passed","2026-03-24","","Auth API","",""
"","9251","authenticated API endpoint returns 401 or redirects after logout","3.3 Security Aware Testing","2026-03-24","passed","2026-03-24","","Session Invalidation","",""
"","1843","finds the employee by name search","","2026-03-24","passed","2026-03-24","","PIM Employee Management API","",""
"","1829","after login — dashboard shortcuts API returns data","","2026-03-24","passed","2026-03-24","","Auth API","",""
"","7652","shows error for incorrect password","","2026-03-24","passed","2026-03-24","","Auth and Navigation","",""
"","9503","deletes the employee from the system","","2026-03-24","passed","2026-03-24","","PIM - Employee Management","",""
"","4909","incorrect password — login redirects to login page and dashboard returns 401","","2026-03-24","passed","2026-03-24","","Auth API","",""
"","3269","ESS user is denied access to admin API — Job Titles","3.3 Security Aware Testing","2026-03-24","passed","2026-03-24","","Authorisation — ESS vs Admin","",""
"","1972","redirects unauthenticated request to login page — /web/index.php/time/viewEmployeeTimesheet","3.3 Security Aware Testing","2026-03-24","passed","2026-03-24","","Unauthenticated Access","",""
"","8483","assigns an auto-generated numeric employee ID","","2026-03-24","passed","2026-03-24","","PIM - Employee Management","",""
"","2379","redirects unauthenticated request to login page — /web/index.php/pim/viewEmployeeList","3.3 Security Aware Testing","2026-03-24","passed","2026-03-24","","Unauthenticated Access","",""
"","4019","[img onerror] API rejects or stores street1 as literal string","3.3 Security Aware Testing","2026-03-24","passed","2026-03-24","","XSS — Address Fields","",""
"","4414","all main menu modules are accessible via API after login","","2026-03-24","passed","2026-03-24","","Navigation and UI Validation API","",""
"","16047","logs out and redirects to login page","","2026-03-24","passed","2026-03-24","","Auth and Navigation","",""
"","7060","shows all main menu items after login","","2026-03-24","passed","2026-03-24","","Navigation and UI Validation","",""
"","2083","ESS user is denied access to admin API — Pay Grades","3.3 Security Aware Testing","2026-03-24","passed","2026-03-24","","Authorisation — ESS vs Admin","",""
"","1586","employee search API responds in under 1 second","Performance Benchmarks","2026-03-24","passed","2026-03-24","","API Response Time","",""
"","9420","session cookies are cleared from the browser after logout","3.3 Security Aware Testing","2026-03-24","passed","2026-03-24","","Session Invalidation","",""
"","4783","each module API returns a data array with correct structure","","2026-03-24","passed","2026-03-24","","Navigation and UI Validation API","",""
"","3244","report generation page loads in under 5 seconds","Performance Benchmarks","2026-03-24","passed","2026-03-24","","Page Load","",""
